ad_archive_id,page_id,page_name,ad_creation_time,ad_delivery_start_time,ad_delivery_stop_time,byline,ad_creative_bodies,ad_creative_link_titles,ad_creative_link_captions,ad_creative_link_descriptions,impressions,spend,currency,demographic_distribution,delivery_by_region,publisher_platforms,estimated_audience_size,languages
959175746281715,211852102168266,"Assembleia Legislativa do Cear√°",2025-02-26,2025-02-26,2025-03-02,"Assembleia Legislativa do Cear√°","#EmPauta üé¨

üìÜ O M√™s da Mulher vem a√≠ e a Alece estar√° √† frente de uma s√©rie de a√ß√µes. Nesta ter√ßa-feira (18/02), o presidente da Casa, deputado Romeu Aldigueri (PSB), anunciou algumas medidas que ser√£o adotadas em prol dos direitos das mulheres cearenses, entre as quais a cria√ß√£o de uma Comiss√£o Permanente. Confira!üì£üì£",,,,"lower_bound: 25000, upper_bound: 29999","lower_bound: 0, upper_bound: 99",BRL,"{""age"":""18-24"",""gender"":""female"",""percentage"":0.323792},{""age"":""18-24"",""gender"":""male"",""percentage"":0.180147},{""age"":""18-24"",""gender"":""unknown"",""percentage"":0.002101},{""age"":""25-34"",""gender"":""female"",""percentage"":0.212815},{""age"":""25-34"",""gender"":""male"",""percentage"":0.124107},{""age"":""25-34"",""gender"":""unknown"",""percentage"":0.000998},{""age"":""35-44"",""gender"":""female"",""percentage"":0.065704},{""age"":""35-44"",""gender"":""male"",""percentage"":0.033403},{""age"":""35-44"",""gender"":""unknown"",""percentage"":0.000158},{""age"":""45-54"",""gender"":""female"",""percentage"":0.023634},{""age"":""45-54"",""gender"":""male"",""percentage"":0.009296},{""age"":""55-64"",""gender"":""female"",""percentage"":0.012658},{""age"":""55-64"",""gender"":""male"",""percentage"":0.003519},{""age"":""65+"",""gender"":""female"",""percentage"":0.005462},{""age"":""65+"",""gender"":""male"",""percentage"":0.002101},{""age"":""65+"",""gender"":""unknown"",""percentage"":0.000105}","{""region"":""Cear\u00e1"",""percentage"":1}","facebook,instagram","lower_bound: 100001, upper_bound: 500000",pt
1324845198729089,211852102168266,"Assembleia Legislativa do Cear√°",2025-02-26,2025-02-26,2025-03-02,"Assembleia Legislativa do Cear√°","üé•üì≤ Conhe√ßa a Alece Play: a plataforma de conte√∫do da Assembleia Legislativa do Estado do Cear√°!

A Alece Play √© um espa√ßo digital que re√∫ne conte√∫dos exclusivos da Alece TV üì∫, Alece FM üìª e Alece M√≠dias üéß, com destaque para a transmiss√£o ao vivo das atividades legislativas üèõÔ∏è e das aulas do Programa Alcance üìö. Por meio do aplicativo, voc√™ tem acesso a v√≠deos, podcasts e muito mais, tudo de forma gratuita e acess√≠vel.

üì±Baixe agora a Alece Play e acompanhe de perto as a√ß√µes do Legislativo, al√©m de temas relevantes para o nosso estado, onde e quando quiser! üòâ

#AlecePlay #AssembleiaCE #Inova√ß√£o #Transpar√™ncia #Comunica√ß√£o",,aleceplay.al.ce.gov.br,,"lower_bound: 25000, upper_bound: 29999","lower_bound: 0, upper_bound: 99",BRL,"{""age"":""18-24"",""gender"":""female"",""percentage"":0.261886},{""age"":""45-54"",""gender"":""female"",""percentage"":0.037145},{""age"":""65+"",""gender"":""male"",""percentage"":0.006056},{""age"":""65+"",""gender"":""female"",""percentage"":0.012214},{""age"":""55-64"",""gender"":""male"",""percentage"":0.012466},{""age"":""55-64"",""gender"":""female"",""percentage"":0.027657},{""age"":""45-54"",""gender"":""unknown"",""percentage"":0.000202},{""age"":""45-54"",""gender"":""male"",""percentage"":0.022257},{""age"":""35-44"",""gender"":""unknown"",""percentage"":0.000353},{""age"":""18-24"",""gender"":""male"",""percentage"":0.186535},{""age"":""35-44"",""gender"":""male"",""percentage"":0.051125},{""age"":""35-44"",""gender"":""female"",""percentage"":0.064449},{""age"":""25-34"",""gender"":""unknown"",""percentage"":0.000908},{""age"":""25-34"",""gender"":""male"",""percentage"":0.143232},{""age"":""25-34"",""gender"":""female"",""percentage"":0.171192},{""age"":""18-24"",""gender"":""unknown"",""percentage"":0.00217},{""age"":""65+"",""gender"":""unknown"",""percentage"":0.000151}","{""region"":""Cear\u00e1"",""percentage"":1}","facebook,instagram","lower_bound: 100001, upper_bound: 500000",pt
1161357308921427,211852102168266,"Assembleia Legislativa do Cear√°",2024-12-27,2024-12-27,2025-02-27,"Assembleia Legislativa do Cear√°","üÜï Confira a nova campanha da üì∫ ALECE TV e üìª FM! √â o parlamento cearense cada vez mais conectado com voc√™! ü§©",,www.instagram.com,,"lower_bound: 300000, upper_bound: 349999","lower_bound: 600, upper_bound: 699",BRL,"{""age"":""18-24"",""gender"":""female"",""percentage"":0.181931},{""age"":""45-54"",""gender"":""male"",""percentage"":0.024915},{""age"":""65+"",""gender"":""male"",""percentage"":0.005212},{""age"":""65+"",""gender"":""female"",""percentage"":0.012548},{""age"":""55-64"",""gender"":""unknown"",""percentage"":9.1e-5},{""age"":""55-64"",""gender"":""male"",""percentage"":0.010754},{""age"":""55-64"",""gender"":""female"",""percentage"":0.028196},{""age"":""45-54"",""gender"":""unknown"",""percentage"":0.00025},{""age"":""45-54"",""gender"":""female"",""percentage"":0.048614},{""age"":""18-24"",""gender"":""male"",""percentage"":0.137462},{""age"":""35-44"",""gender"":""unknown"",""percentage"":0.000579},{""age"":""35-44"",""gender"":""male"",""percentage"":0.074551},{""age"":""35-44"",""gender"":""female"",""percentage"":0.107675},{""age"":""25-34"",""gender"":""unknown"",""percentage"":0.001204},{""age"":""25-34"",""gender"":""male"",""percentage"":0.164329},{""age"":""25-34"",""gender"":""female"",""percentage"":0.199737},{""age"":""18-24"",""gender"":""unknown"",""percentage"":0.001908},{""age"":""65+"",""gender"":""unknown"",""percentage"":4.5e-5}","{""region"":""Cear\u00e1"",""percentage"":1}","facebook,instagram","lower_bound: 100001, upper_bound: 500000",pt
1324991818843591,211852102168266,"Assembleia Legislativa do Cear√°",2024-12-27,2024-12-27,2025-02-26,"Assembleia Legislativa do Cear√°","A Assembleia Legislativa do Estado do Cear√° realizou a entrega da certifica√ß√£o dos munic√≠pios que receberem o Selo Alece ESG na Gest√£o P√∫blica, nesta ter√ßa-feira, no Plen√°rio 13 de maio. 

O Selo √© uma iniciativa pioneira do Legislativo cearense, que busca reconhecer as gest√µes municipais alinhadas √†s boas pr√°ticas de responsabilidade socioambiental e de governan√ßa.

‚û°Ô∏è Confira no v√≠deo! ‚ôªÔ∏è

#ALECE #SeloESG #Governan√ßa #Sustentabilidade #Municipios #ODS",,www.instagram.com,,"lower_bound: 300000, upper_bound: 349999","lower_bound: 600, upper_bound: 699",BRL,"{""age"":""18-24"",""gender"":""female"",""percentage"":0.180433},{""age"":""45-54"",""gender"":""male"",""percentage"":0.022366},{""age"":""65+"",""gender"":""male"",""percentage"":0.003822},{""age"":""65+"",""gender"":""female"",""percentage"":0.010542},{""age"":""55-64"",""gender"":""unknown"",""percentage"":8.7e-5},{""age"":""55-64"",""gender"":""male"",""percentage"":0.008414},{""age"":""55-64"",""gender"":""female"",""percentage"":0.024743},{""age"":""45-54"",""gender"":""unknown"",""percentage"":0.000228},{""age"":""45-54"",""gender"":""female"",""percentage"":0.047956},{""age"":""18-24"",""gender"":""male"",""percentage"":0.136126},{""age"":""35-44"",""gender"":""unknown"",""percentage"":0.000695},{""age"":""35-44"",""gender"":""male"",""percentage"":0.073448},{""age"":""35-44"",""gender"":""female"",""percentage"":0.115671},{""age"":""25-34"",""gender"":""unknown"",""percentage"":0.001325},{""age"":""25-34"",""gender"":""male"",""percentage"":0.16481},{""age"":""25-34"",""gender"":""female"",""percentage"":0.207337},{""age"":""18-24"",""gender"":""unknown"",""percentage"":0.001943},{""age"":""65+"",""gender"":""unknown"",""percentage"":5.4e-5}","{""region"":""Cear\u00e1"",""percentage"":1}","facebook,instagram","lower_bound: 100001, upper_bound: 500000",pt
1084197323300234,211852102168266,"Assembleia Legislativa do Cear√°",2024-10-10,2024-10-10,2025-03-02,"Assembleia Legislativa do Cear√°",,,"al.ce.gov.br,al.ce.gov.br,al.ce.gov.br,al.ce.gov.br",,"lower_bound: 500000, upper_bound: 599999","lower_bound: 800, upper_bound: 899",BRL,"{""age"":""18-24"",""gender"":""female"",""percentage"":0.177163},{""age"":""45-54"",""gender"":""male"",""percentage"":0.049726},{""age"":""65+"",""gender"":""male"",""percentage"":0.010704},{""age"":""65+"",""gender"":""female"",""percentage"":0.016317},{""age"":""55-64"",""gender"":""unknown"",""percentage"":0.000796},{""age"":""55-64"",""gender"":""male"",""percentage"":0.028647},{""age"":""55-64"",""gender"":""female"",""percentage"":0.038266},{""age"":""45-54"",""gender"":""unknown"",""percentage"":0.001537},{""age"":""45-54"",""gender"":""female"",""percentage"":0.053397},{""age"":""18-24"",""gender"":""male"",""percentage"":0.146907},{""age"":""35-44"",""gender"":""unknown"",""percentage"":0.003435},{""age"":""35-44"",""gender"":""male"",""percentage"":0.084118},{""age"":""35-44"",""gender"":""female"",""percentage"":0.087028},{""age"":""25-34"",""gender"":""unknown"",""percentage"":0.006446},{""age"":""25-34"",""gender"":""male"",""percentage"":0.138101},{""age"":""25-34"",""gender"":""female"",""percentage"":0.147192},{""age"":""18-24"",""gender"":""unknown"",""percentage"":0.009838},{""age"":""65+"",""gender"":""unknown"",""percentage"":0.000381}","{""region"":""Cear\u00e1"",""percentage"":0.999997},{""region"":""Unknown"",""percentage"":3.0e-6}","facebook,instagram","lower_bound: 1000001",pt
2717665988436658,211852102168266,"Assembleia Legislativa do Cear√°",2024-10-10,2024-10-10,2025-03-02,"Assembleia Legislativa do Cear√°",,,"al.ce.gov.br,al.ce.gov.br,al.ce.gov.br,al.ce.gov.br",,"lower_bound: 300000, upper_bound: 349999","lower_bound: 600, upper_bound: 699",BRL,"{""age"":""18-24"",""gender"":""female"",""percentage"":0.153789},{""age"":""45-54"",""gender"":""male"",""percentage"":0.028989},{""age"":""65+"",""gender"":""male"",""percentage"":0.006115},{""age"":""65+"",""gender"":""female"",""percentage"":0.01483},{""age"":""55-64"",""gender"":""unknown"",""percentage"":0.002215},{""age"":""55-64"",""gender"":""male"",""percentage"":0.013687},{""age"":""55-64"",""gender"":""female"",""percentage"":0.035575},{""age"":""45-54"",""gender"":""unknown"",""percentage"":0.004872},{""age"":""45-54"",""gender"":""female"",""percentage"":0.058921},{""age"":""18-24"",""gender"":""male"",""percentage"":0.126486},{""age"":""35-44"",""gender"":""unknown"",""percentage"":0.005815},{""age"":""35-44"",""gender"":""male"",""percentage"":0.076852},{""age"":""35-44"",""gender"":""female"",""percentage"":0.112199},{""age"":""25-34"",""gender"":""unknown"",""percentage"":0.00813},{""age"":""25-34"",""gender"":""male"",""percentage"":0.15989},{""age"":""25-34"",""gender"":""female"",""percentage"":0.178792},{""age"":""18-24"",""gender"":""unknown"",""percentage"":0.011316},{""age"":""65+"",""gender"":""unknown"",""percentage"":0.001529}","{""region"":""Cear\u00e1"",""percentage"":0.999985},{""region"":""Unknown"",""percentage"":1.5e-5}","facebook,instagram","lower_bound: 100001, upper_bound: 500000",pt
953552585967581,211852102168266,"Assembleia Legislativa do Cear√°",2024-04-16,2024-04-16,2024-04-29,"Assembleia Legislativa do Cear√°","O Vem Pra Alece est√° de volta! ‚ò∫Ô∏èüíö

A Casa do Povo abre novamente suas portas para celebrar a cidadania em um domingo cultural, com servi√ßos, sa√∫de, m√∫sica, gastronomia, economia criativa e muita divers√£o para as crian√ßas. 

O evento √© gratuito e acontece dia 28 de abril, a partir das 8h, na Alece! 

#VemPraAlece",,www.al.ce.gov.br,,"lower_bound: 150000, upper_bound: 174999","lower_bound: 200, upper_bound: 299",BRL,"{""age"":""65+"",""gender"":""unknown"",""percentage"":7.5e-5},{""age"":""25-34"",""gender"":""male"",""percentage"":0.160611},{""age"":""45-54"",""gender"":""unknown"",""percentage"":0.000132},{""age"":""25-34"",""gender"":""unknown"",""percentage"":0.001372},{""age"":""35-44"",""gender"":""unknown"",""percentage"":0.000658},{""age"":""65+"",""gender"":""male"",""percentage"":0.006466},{""age"":""55-64"",""gender"":""female"",""percentage"":0.038607},{""age"":""55-64"",""gender"":""male"",""percentage"":0.014097},{""age"":""25-34"",""gender"":""female"",""percentage"":0.177208},{""age"":""18-24"",""gender"":""unknown"",""percentage"":0.001974},{""age"":""35-44"",""gender"":""male"",""percentage"":0.080823},{""age"":""45-54"",""gender"":""female"",""percentage"":0.060692},{""age"":""18-24"",""gender"":""female"",""percentage"":0.16251},{""age"":""18-24"",""gender"":""male"",""percentage"":0.133846},{""age"":""35-44"",""gender"":""female"",""percentage"":0.115783},{""age"":""45-54"",""gender"":""male"",""percentage"":0.028852},{""age"":""65+"",""gender"":""female"",""percentage"":0.016183},{""age"":""55-64"",""gender"":""unknown"",""percentage"":0.000113}","{""region"":""Cear\u00e1"",""percentage"":1}","facebook,instagram","lower_bound: 50001, upper_bound: 100000",pt
390823097251323,211852102168266,"Assembleia Legislativa do Cear√°",2024-04-16,2024-04-16,2024-04-28,"Assembleia Legislativa do Cear√°","O Vem Pra Alece est√° de volta! ‚ò∫Ô∏èüíö

A Casa do Povo abre novamente suas portas para celebrar a cidadania em um domingo cultural, com servi√ßos, sa√∫de, m√∫sica, gastronomia, economia criativa e muita divers√£o para as crian√ßas. 

O evento √© gratuito e acontece dia 28 de abril, a partir das 8h, na Alece! 

#VemPraAlece",,www.al.ce.gov.br,,"lower_bound: 450000, upper_bound: 499999","lower_bound: 600, upper_bound: 699",BRL,"{""age"":""65+"",""gender"":""unknown"",""percentage"":9.2e-5},{""age"":""18-24"",""gender"":""male"",""percentage"":0.163324},{""age"":""45-54"",""gender"":""unknown"",""percentage"":0.000231},{""age"":""25-34"",""gender"":""female"",""percentage"":0.142066},{""age"":""18-24"",""gender"":""female"",""percentage"":0.164311},{""age"":""35-44"",""gender"":""female"",""percentage"":0.089392},{""age"":""25-34"",""gender"":""male"",""percentage"":0.163799},{""age"":""55-64"",""gender"":""female"",""percentage"":0.035509},{""age"":""45-54"",""gender"":""female"",""percentage"":0.051812},{""age"":""35-44"",""gender"":""unknown"",""percentage"":0.00046},{""age"":""65+"",""gender"":""female"",""percentage"":0.014069},{""age"":""65+"",""gender"":""male"",""percentage"":0.009698},{""age"":""35-44"",""gender"":""male"",""percentage"":0.090118},{""age"":""55-64"",""gender"":""male"",""percentage"":0.025387},{""age"":""45-54"",""gender"":""male"",""percentage"":0.046091},{""age"":""18-24"",""gender"":""unknown"",""percentage"":0.002308},{""age"":""25-34"",""gender"":""unknown"",""percentage"":0.001282},{""age"":""55-64"",""gender"":""unknown"",""percentage"":5.2e-5}","{""region"":""Cear\u00e1"",""percentage"":1}","facebook,instagram","lower_bound: 1000001",pt
344822135250026,211852102168266,"Assembleia Legislativa do Cear√°",2024-04-03,2024-04-03,2024-05-16,"Assembleia Legislativa do Cear√°","A Assembleia Legislativa do Estado do Cear√° (Alece) tem olhar atento para as demandas e pol√≠ticas para as mulheres. 

Em 2021, na gest√£o do presidente @evandroleitao √† frente da Alece, a Procuradoria Especial da Mulher (PEM) foi ampliada e ganhou um pr√©dio inteiro de servi√ßos.

A PEM aumentou em mais de 20x a atua√ß√£o nos munic√≠pios, em parceria com as C√¢maras Municipais. Sem contar a introdu√ß√£o de outros servi√ßos como a Sala de Sa√∫de da Mulher e o Projeto Bem Me Quero.",,www.al.ce.gov.br,,"lower_bound: 250000, upper_bound: 299999","lower_bound: 300, upper_bound: 399",BRL,"{""age"":""65+"",""gender"":""unknown"",""percentage"":4.0e-5},{""age"":""18-24"",""gender"":""female"",""percentage"":0.233694},{""age"":""65+"",""gender"":""female"",""percentage"":0.011839},{""age"":""55-64"",""gender"":""female"",""percentage"":0.028922},{""age"":""45-54"",""gender"":""female"",""percentage"":0.051047},{""age"":""65+"",""gender"":""male"",""percentage"":0.004256},{""age"":""35-44"",""gender"":""female"",""percentage"":0.108285},{""age"":""25-34"",""gender"":""male"",""percentage"":0.125287},{""age"":""18-24"",""gender"":""male"",""percentage"":0.139869},{""age"":""55-64"",""gender"":""unknown"",""percentage"":4.0e-5},{""age"":""25-34"",""gender"":""female"",""percentage"":0.21288},{""age"":""35-44"",""gender"":""male"",""percentage"":0.053749},{""age"":""18-24"",""gender"":""unknown"",""percentage"":0.002904},{""age"":""55-64"",""gender"":""male"",""percentage"":0.007765},{""age"":""25-34"",""gender"":""unknown"",""percentage"":0.001472},{""age"":""35-44"",""gender"":""unknown"",""percentage"":0.000524},{""age"":""45-54"",""gender"":""unknown"",""percentage"":0.000121},{""age"":""45-54"",""gender"":""male"",""percentage"":0.017305}","{""region"":""Cear\u00e1"",""percentage"":1}","facebook,instagram","lower_bound: 50001, upper_bound: 100000",pt
740563888140734,211852102168266,"Assembleia Legislativa do Cear√°",2024-04-03,2024-04-03,2024-05-16,"Assembleia Legislativa do Cear√°","A Assembleia Legislativa do Estado do Cear√° (Alece) tem olhar atento para as demandas e pol√≠ticas para as mulheres. 

Em 2021, na gest√£o do presidente @evandroleitao √† frente da Alece, a Procuradoria Especial da Mulher (PEM) foi ampliada e ganhou um pr√©dio inteiro de servi√ßos.

A PEM aumentou em mais de 20x a atua√ß√£o nos munic√≠pios, em parceria com as C√¢maras Municipais. Sem contar a introdu√ß√£o de outros servi√ßos como a Sala de Sa√∫de da Mulher e o Projeto Bem Me Quero.",,www.al.ce.gov.br,,"lower_bound: 600000, upper_bound: 699999","lower_bound: 600, upper_bound: 699",BRL,"{""age"":""Unknown"",""gender"":""unknown"",""percentage"":3.0e-6},{""age"":""25-34"",""gender"":""male"",""percentage"":0.103756},{""age"":""55-64"",""gender"":""unknown"",""percentage"":5.9e-5},{""age"":""18-24"",""gender"":""unknown"",""percentage"":0.003768},{""age"":""45-54"",""gender"":""male"",""percentage"":0.009634},{""age"":""45-54"",""gender"":""female"",""percentage"":0.022528},{""age"":""35-44"",""gender"":""male"",""percentage"":0.028402},{""age"":""55-64"",""gender"":""female"",""percentage"":0.010475},{""age"":""35-44"",""gender"":""female"",""percentage"":0.073499},{""age"":""55-64"",""gender"":""male"",""percentage"":0.004639},{""age"":""35-44"",""gender"":""unknown"",""percentage"":0.000438},{""age"":""25-34"",""gender"":""female"",""percentage"":0.210564},{""age"":""18-24"",""gender"":""female"",""percentage"":0.350921},{""age"":""18-24"",""gender"":""male"",""percentage"":0.170189},{""age"":""25-34"",""gender"":""unknown"",""percentage"":0.001246},{""age"":""65+"",""gender"":""female"",""percentage"":0.006636},{""age"":""65+"",""gender"":""male"",""percentage"":0.002992},{""age"":""45-54"",""gender"":""unknown"",""percentage"":0.000154},{""age"":""65+"",""gender"":""unknown"",""percentage"":9.5e-5}","{""region"":""Cear\u00e1"",""percentage"":1}","facebook,instagram","lower_bound: 1000001",pt
349045138132855,211852102168266,"Assembleia Legislativa do Cear√°",2024-03-22,2024-03-22,2024-10-10,"Assembleia Legislativa do Cear√°",,,"al.ce.gov.br,al.ce.gov.br,al.ce.gov.br,al.ce.gov.br",,"lower_bound: 700000, upper_bound: 799999","lower_bound: 1000, upper_bound: 1499",BRL,"{""age"":""18-24"",""gender"":""female"",""percentage"":0.187513},{""age"":""45-54"",""gender"":""male"",""percentage"":0.026189},{""age"":""65+"",""gender"":""male"",""percentage"":0.006366},{""age"":""65+"",""gender"":""female"",""percentage"":0.015566},{""age"":""55-64"",""gender"":""unknown"",""percentage"":0.000134},{""age"":""55-64"",""gender"":""male"",""percentage"":0.013202},{""age"":""55-64"",""gender"":""female"",""percentage"":0.036127},{""age"":""45-54"",""gender"":""unknown"",""percentage"":0.000242},{""age"":""45-54"",""gender"":""female"",""percentage"":0.057186},{""age"":""18-24"",""gender"":""male"",""percentage"":0.145369},{""age"":""35-44"",""gender"":""unknown"",""percentage"":0.000698},{""age"":""35-44"",""gender"":""male"",""percentage"":0.069837},{""age"":""35-44"",""gender"":""female"",""percentage"":0.108409},{""age"":""25-34"",""gender"":""unknown"",""percentage"":0.001598},{""age"":""25-34"",""gender"":""male"",""percentage"":0.149277},{""age"":""25-34"",""gender"":""female"",""percentage"":0.17932},{""age"":""18-24"",""gender"":""unknown"",""percentage"":0.002861},{""age"":""65+"",""gender"":""unknown"",""percentage"":0.000107}","{""region"":""Cear\u00e1"",""percentage"":0.999695},{""region"":""Unknown"",""percentage"":0.000305}","facebook,instagram","lower_bound: 50001, upper_bound: 100000",pt
430129686342289,211852102168266,"Assembleia Legislativa do Cear√°",2024-03-22,2024-03-22,2025-03-02,"Assembleia Legislativa do Cear√°","A Assembleia Legislativa do Estado Cear√°, a Alece, se faz cada vez mais pr√≥xima, fortalecendo a aproxima√ß√£o continua entre √† popula√ß√£o e as atividades do Parlamento cearense.

Na Casa do Povo, o cidad√£o v√™ o amanh√£ com mais confian√ßa!

#Alece #NovoAno #Futuro #CasadoPovo",,www.al.ce.gov.br,,"lower_bound: 1000000","lower_bound: 2000, upper_bound: 2499",BRL,"{""age"":""18-24"",""gender"":""female"",""percentage"":0.210268},{""age"":""45-54"",""gender"":""male"",""percentage"":0.017894},{""age"":""65+"",""gender"":""male"",""percentage"":0.004268},{""age"":""65+"",""gender"":""female"",""percentage"":0.010405},{""age"":""55-64"",""gender"":""unknown"",""percentage"":0.000981},{""age"":""55-64"",""gender"":""male"",""percentage"":0.007804},{""age"":""55-64"",""gender"":""female"",""percentage"":0.024069},{""age"":""45-54"",""gender"":""unknown"",""percentage"":0.002435},{""age"":""45-54"",""gender"":""female"",""percentage"":0.042268},{""age"":""18-24"",""gender"":""male"",""percentage"":0.149865},{""age"":""35-44"",""gender"":""unknown"",""percentage"":0.00511},{""age"":""35-44"",""gender"":""male"",""percentage"":0.055377},{""age"":""35-44"",""gender"":""female"",""percentage"":0.095062},{""age"":""25-34"",""gender"":""unknown"",""percentage"":0.013664},{""age"":""25-34"",""gender"":""male"",""percentage"":0.144116},{""age"":""25-34"",""gender"":""female"",""percentage"":0.191032},{""age"":""18-24"",""gender"":""unknown"",""percentage"":0.024828},{""age"":""65+"",""gender"":""unknown"",""percentage"":0.000555}","{""region"":""Cear\u00e1"",""percentage"":0.999663},{""region"":""Unknown"",""percentage"":0.000337}","facebook,instagram","lower_bound: 100001, upper_bound: 500000",pt
1100970764549934,211852102168266,"Assembleia Legislativa do Cear√°",2024-03-22,2024-03-22,2025-03-01,"Assembleia Legislativa do Cear√°","A Assembleia Legislativa do Estado Cear√° (Alece) constr√≥i o futuro hoje com a√ß√µes concretas. Em 2023, os deputados estaduais cearenses, realizaram um trabalho incans√°vel, somando milhares de a√ß√µes em prol da popula√ß√£o.

Na Casa do Povo, o cidad√£o v√™ o amanh√£ com mais confian√ßa!

#Alece #CasadoPovo #LegislativoCE",,www.al.ce.gov.br,,"lower_bound: 1000000","lower_bound: 2000, upper_bound: 2499",BRL,"{""age"":""18-24"",""gender"":""female"",""percentage"":0.204254},{""age"":""45-54"",""gender"":""male"",""percentage"":0.019606},{""age"":""65+"",""gender"":""male"",""percentage"":0.004647},{""age"":""65+"",""gender"":""female"",""percentage"":0.010901},{""age"":""55-64"",""gender"":""unknown"",""percentage"":0.000946},{""age"":""55-64"",""gender"":""male"",""percentage"":0.008752},{""age"":""55-64"",""gender"":""female"",""percentage"":0.025236},{""age"":""45-54"",""gender"":""unknown"",""percentage"":0.002461},{""age"":""45-54"",""gender"":""female"",""percentage"":0.042472},{""age"":""18-24"",""gender"":""male"",""percentage"":0.148658},{""age"":""35-44"",""gender"":""unknown"",""percentage"":0.005905},{""age"":""35-44"",""gender"":""male"",""percentage"":0.057827},{""age"":""35-44"",""gender"":""female"",""percentage"":0.094027},{""age"":""25-34"",""gender"":""unknown"",""percentage"":0.014886},{""age"":""25-34"",""gender"":""male"",""percentage"":0.146831},{""age"":""25-34"",""gender"":""female"",""percentage"":0.186668},{""age"":""18-24"",""gender"":""unknown"",""percentage"":0.025419},{""age"":""65+"",""gender"":""unknown"",""percentage"":0.000505}","{""region"":""Cear\u00e1"",""percentage"":0.999763},{""region"":""Unknown"",""percentage"":0.000237}","facebook,instagram","lower_bound: 100001, upper_bound: 500000",pt
1781476452371194,211852102168266,"Assembleia Legislativa do Cear√°",2024-03-22,2024-03-22,2025-03-02,"Assembleia Legislativa do Cear√°","A Assembleia Legislativa do Estado Cear√°, a Alece, se faz cada vez mais pr√≥xima, fortalecendo a aproxima√ß√£o continua entre √† popula√ß√£o e as atividades do Parlamento cearense.

Na Casa do Povo, o cidad√£o v√™ o amanh√£ com mais confian√ßa!

#Alece #NovoAno #Futuro #CasadoPovo",,www.al.ce.gov.br,,"lower_bound: 1000000","lower_bound: 2000, upper_bound: 2499",BRL,"{""age"":""18-24"",""gender"":""female"",""percentage"":0.207084},{""age"":""45-54"",""gender"":""male"",""percentage"":0.018251},{""age"":""65+"",""gender"":""male"",""percentage"":0.004169},{""age"":""65+"",""gender"":""female"",""percentage"":0.009794},{""age"":""55-64"",""gender"":""unknown"",""percentage"":0.000742},{""age"":""55-64"",""gender"":""male"",""percentage"":0.007394},{""age"":""55-64"",""gender"":""female"",""percentage"":0.022154},{""age"":""45-54"",""gender"":""unknown"",""percentage"":0.002025},{""age"":""45-54"",""gender"":""female"",""percentage"":0.03904},{""age"":""18-24"",""gender"":""male"",""percentage"":0.155217},{""age"":""35-44"",""gender"":""unknown"",""percentage"":0.005241},{""age"":""35-44"",""gender"":""male"",""percentage"":0.05851},{""age"":""35-44"",""gender"":""female"",""percentage"":0.091008},{""age"":""25-34"",""gender"":""unknown"",""percentage"":0.013945},{""age"":""25-34"",""gender"":""male"",""percentage"":0.154365},{""age"":""25-34"",""gender"":""female"",""percentage"":0.185342},{""age"":""18-24"",""gender"":""unknown"",""percentage"":0.025297},{""age"":""65+"",""gender"":""unknown"",""percentage"":0.000421}","{""region"":""Cear\u00e1"",""percentage"":0.999602},{""region"":""Oruro Department"",""percentage"":1.0e-5},{""region"":""Unknown"",""percentage"":0.000388}","facebook,instagram","lower_bound: 100001, upper_bound: 500000",pt
337852275927898,211852102168266,"Assembleia Legislativa do Cear√°",2024-03-22,2024-03-22,2025-03-02,"Assembleia Legislativa do Cear√°","A Assembleia Legislativa do Estado Cear√°, a Alece, se faz cada vez mais pr√≥xima, fortalecendo a aproxima√ß√£o continua entre √† popula√ß√£o e as atividades do Parlamento cearense.

Na Casa do Povo, o cidad√£o v√™ o amanh√£ com mais confian√ßa!

#Alece #NovoAno #Futuro #CasadoPovo",,www.al.ce.gov.br,,"lower_bound: 1000000","lower_bound: 3000, upper_bound: 3499",BRL,"{""age"":""18-24"",""gender"":""female"",""percentage"":0.292436},{""age"":""45-54"",""gender"":""male"",""percentage"":0.012153},{""age"":""65+"",""gender"":""male"",""percentage"":0.003602},{""age"":""65+"",""gender"":""female"",""percentage"":0.005741},{""age"":""55-64"",""gender"":""unknown"",""percentage"":0.00024},{""age"":""55-64"",""gender"":""male"",""percentage"":0.005598},{""age"":""55-64"",""gender"":""female"",""percentage"":0.009698},{""age"":""45-54"",""gender"":""unknown"",""percentage"":0.000606},{""age"":""45-54"",""gender"":""female"",""percentage"":0.020495},{""age"":""18-24"",""gender"":""male"",""percentage"":0.231444},{""age"":""35-44"",""gender"":""unknown"",""percentage"":0.002033},{""age"":""35-44"",""gender"":""male"",""percentage"":0.037591},{""age"":""35-44"",""gender"":""female"",""percentage"":0.056496},{""age"":""25-34"",""gender"":""unknown"",""percentage"":0.005812},{""age"":""25-34"",""gender"":""male"",""percentage"":0.131816},{""age"":""25-34"",""gender"":""female"",""percentage"":0.169461},{""age"":""18-24"",""gender"":""unknown"",""percentage"":0.014571},{""age"":""65+"",""gender"":""unknown"",""percentage"":0.000209}","{""region"":""Cear\u00e1"",""percentage"":0.999939},{""region"":""Unknown"",""percentage"":6.1e-5}","facebook,instagram","lower_bound: 1000001",pt
931886838407222,211852102168266,"Assembleia Legislativa do Cear√°",2024-03-22,2024-03-22,2024-10-11,"Assembleia Legislativa do Cear√°",,,"al.ce.gov.br,al.ce.gov.br,al.ce.gov.br,al.ce.gov.br",,"lower_bound: 1000000","lower_bound: 2000, upper_bound: 2499",BRL,"{""age"":""18-24"",""gender"":""female"",""percentage"":0.20816},{""age"":""45-54"",""gender"":""male"",""percentage"":0.041498},{""age"":""65+"",""gender"":""male"",""percentage"":0.009467},{""age"":""65+"",""gender"":""female"",""percentage"":0.014759},{""age"":""55-64"",""gender"":""unknown"",""percentage"":8.5e-5},{""age"":""55-64"",""gender"":""male"",""percentage"":0.024075},{""age"":""55-64"",""gender"":""female"",""percentage"":0.035385},{""age"":""45-54"",""gender"":""unknown"",""percentage"":0.000217},{""age"":""45-54"",""gender"":""female"",""percentage"":0.050864},{""age"":""18-24"",""gender"":""male"",""percentage"":0.158652},{""age"":""35-44"",""gender"":""unknown"",""percentage"":0.000506},{""age"":""35-44"",""gender"":""male"",""percentage"":0.074441},{""age"":""35-44"",""gender"":""female"",""percentage"":0.084941},{""age"":""25-34"",""gender"":""unknown"",""percentage"":0.001308},{""age"":""25-34"",""gender"":""male"",""percentage"":0.133388},{""age"":""25-34"",""gender"":""female"",""percentage"":0.159465},{""age"":""18-24"",""gender"":""unknown"",""percentage"":0.002684},{""age"":""65+"",""gender"":""unknown"",""percentage"":0.000106}","{""region"":""Cear\u00e1"",""percentage"":0.999939},{""region"":""Unknown"",""percentage"":6.1e-5}","facebook,instagram","lower_bound: 1000001",pt
793801942695927,211852102168266,"Assembleia Legislativa do Cear√°",2024-03-22,2024-03-22,2025-03-02,"Assembleia Legislativa do Cear√°","A Assembleia Legislativa do Estado Cear√° (Alece) constr√≥i o futuro hoje com a√ß√µes concretas. Em 2023, os deputados estaduais cearenses, realizaram um trabalho incans√°vel, somando milhares de a√ß√µes em prol da popula√ß√£o.

Na Casa do Povo, o cidad√£o v√™ o amanh√£ com mais confian√ßa!

#Alece #CasadoPovo #LegislativoCE",,www.al.ce.gov.br,,"lower_bound: 1000000","lower_bound: 3000, upper_bound: 3499",BRL,"{""age"":""18-24"",""gender"":""female"",""percentage"":0.302503},{""age"":""45-54"",""gender"":""male"",""percentage"":0.014913},{""age"":""65+"",""gender"":""male"",""percentage"":0.004381},{""age"":""65+"",""gender"":""female"",""percentage"":0.007152},{""age"":""55-64"",""gender"":""unknown"",""percentage"":0.000219},{""age"":""55-64"",""gender"":""male"",""percentage"":0.007735},{""age"":""55-64"",""gender"":""female"",""percentage"":0.013936},{""age"":""45-54"",""gender"":""unknown"",""percentage"":0.000618},{""age"":""45-54"",""gender"":""female"",""percentage"":0.024639},{""age"":""18-24"",""gender"":""male"",""percentage"":0.201222},{""age"":""35-44"",""gender"":""unknown"",""percentage"":0.00204},{""age"":""35-44"",""gender"":""male"",""percentage"":0.039796},{""age"":""35-44"",""gender"":""female"",""percentage"":0.067149},{""age"":""25-34"",""gender"":""unknown"",""percentage"":0.005886},{""age"":""25-34"",""gender"":""male"",""percentage"":0.118644},{""age"":""25-34"",""gender"":""female"",""percentage"":0.17462},{""age"":""18-24"",""gender"":""unknown"",""percentage"":0.014344},{""age"":""65+"",""gender"":""unknown"",""percentage"":0.000201}","{""region"":""Cear\u00e1"",""percentage"":0.999941},{""region"":""Unknown"",""percentage"":5.9e-5}","facebook,instagram","lower_bound: 1000001",pt
437546201955747,211852102168266,"Assembleia Legislativa do Cear√°",2024-03-22,2024-03-22,2025-03-02,"Assembleia Legislativa do Cear√°","A Assembleia Legislativa do Estado Cear√°, a Alece, se faz cada vez mais pr√≥xima, fortalecendo a aproxima√ß√£o continua entre √† popula√ß√£o e as atividades do Parlamento cearense.

Na Casa do Povo, o cidad√£o v√™ o amanh√£ com mais confian√ßa!

#Alece #NovoAno #Futuro #CasadoPovo",,www.al.ce.gov.br,,"lower_bound: 1000000","lower_bound: 3000, upper_bound: 3499",BRL,"{""age"":""18-24"",""gender"":""female"",""percentage"":0.329318},{""age"":""45-54"",""gender"":""male"",""percentage"":0.010981},{""age"":""65+"",""gender"":""male"",""percentage"":0.003258},{""age"":""65+"",""gender"":""female"",""percentage"":0.006466},{""age"":""55-64"",""gender"":""unknown"",""percentage"":0.000263},{""age"":""55-64"",""gender"":""male"",""percentage"":0.005577},{""age"":""55-64"",""gender"":""female"",""percentage"":0.011734},{""age"":""45-54"",""gender"":""unknown"",""percentage"":0.000667},{""age"":""45-54"",""gender"":""female"",""percentage"":0.0234},{""age"":""18-24"",""gender"":""male"",""percentage"":0.188864},{""age"":""35-44"",""gender"":""unknown"",""percentage"":0.002172},{""age"":""35-44"",""gender"":""male"",""percentage"":0.033117},{""age"":""35-44"",""gender"":""female"",""percentage"":0.068096},{""age"":""25-34"",""gender"":""unknown"",""percentage"":0.005844},{""age"":""25-34"",""gender"":""male"",""percentage"":0.109613},{""age"":""25-34"",""gender"":""female"",""percentage"":0.185669},{""age"":""18-24"",""gender"":""unknown"",""percentage"":0.014748},{""age"":""65+"",""gender"":""unknown"",""percentage"":0.000211}","{""region"":""Cear\u00e1"",""percentage"":0.999926},{""region"":""Unknown"",""percentage"":7.4e-5}","facebook,instagram","lower_bound: 1000001",pt
381186931391726,211852102168266,"Assembleia Legislativa do Cear√°",2024-03-21,2024-03-22,2024-03-22,,,,"al.ce.gov.br,al.ce.gov.br,al.ce.gov.br,al.ce.gov.br",,"lower_bound: 8000, upper_bound: 8999","lower_bound: 0, upper_bound: 99",BRL,"{""age"":""35-44"",""gender"":""female"",""percentage"":0.080533},{""age"":""65+"",""gender"":""female"",""percentage"":0.02594},{""age"":""45-54"",""gender"":""female"",""percentage"":0.064851},{""age"":""55-64"",""gender"":""male"",""percentage"":0.049169},{""age"":""25-34"",""gender"":""female"",""percentage"":0.099517},{""age"":""65+"",""gender"":""male"",""percentage"":0.018866},{""age"":""55-64"",""gender"":""female"",""percentage"":0.055182},{""age"":""18-24"",""gender"":""male"",""percentage"":0.13147},{""age"":""45-54"",""gender"":""male"",""percentage"":0.082537},{""age"":""25-34"",""gender"":""male"",""percentage"":0.144558},{""age"":""35-44"",""gender"":""male"",""percentage"":0.116496},{""age"":""18-24"",""gender"":""female"",""percentage"":0.127461},{""age"":""18-24"",""gender"":""unknown"",""percentage"":0.002004},{""age"":""25-34"",""gender"":""unknown"",""percentage"":0.001179},{""age"":""35-44"",""gender"":""unknown"",""percentage"":0.000236}","{""region"":""Cear\u00e1"",""percentage"":1}","facebook,instagram,audience_network","lower_bound: 1000001",pt
